{
  "project_info": {
    "project_number": "62977523075",
    "firebase_url": "https://quizz-e39a2.firebaseio.com",
    "project_id": "quizz-e39a2",
    "storage_bucket": "quizz-e39a2.appspot.com"
  },
  "client": [
    {
      "client_info": {
        "mobilesdk_app_id": "1:62977523075:android:2ed0dca164f5d9ec2bcab6",
        "android_client_info": {
          "package_name": "com.example.quizzer"
        }
      },
      "oauth_client": [
        {
          "client_id": "62977523075-g9ijd9l51r9evqo2misiq2nt695m7nm8.apps.googleusercontent.com",
          "client_type": 3
        }
      ],
      "api_key": [
        {
          "current_key": "AIzaSyANZE8H4dioafyAzptNJVvq5goy8kUKZX0"
        }
      ],
      "services": {
        "appinvite_service": {
          "other_platform_oauth_client": [
            {
              "client_id": "62977523075-g9ijd9l51r9evqo2misiq2nt695m7nm8.apps.googleusercontent.com",
              "client_type": 3
            }
          ]
        }
      }
    }
  ],
  "configuration_version": "1"
}